n_alumno,nombre,salon,pp_matematica,b1_matematica,b2_matematica,b3_matematica,b4_matematica,tendencia_matematica,pp_comunicacion,b1_comunicacion,b2_comunicacion,b3_comunicacion,b4_comunicacion,tendencia_comunicacion,pp_cta,b1_cta,b2_cta,b3_cta,b4_cta,tendencia_cta,pp_lenguaje,b1_lenguaje,b2_lenguaje,b3_lenguaje,b4_lenguaje,tendencia_lenguaje,pp_mat_prim,tendencia_mat_prim,sheet,conducta_promedio,n_materias_c,promedio_materias,riesgo,riesgo_score,codigo_ie,nivel_riesgo,nombre_colegio
17,Alumno 17,P6A,13.0,13.0,13.0,13.0,13.0,0.0,13.0,16.0,16.0,16.0,16.0,-3.0,,,,,,,,,,,,,,,P6A,16.0,2,13.0,1,0.6471,0249,MEDIO,Joseph And Mery
23,Alumno 23,P6A,13.0,16.0,16.0,16.0,16.0,-3.0,13.0,16.0,16.0,16.0,16.0,-3.0,,,,,,,,,,,,,,,P6A,15.25,2,13.0,1,0.6471,0249,MEDIO,Joseph And Mery
15,Alumno 15,P6A,13.0,13.0,13.0,13.0,13.0,0.0,13.0,16.0,13.0,16.0,16.0,-3.0,,,,,,,,,,,,,,,P6A,15.25,2,13.0,1,0.6471,0249,MEDIO,Joseph And Mery
12,Alumno 12,P6B,,,,,,,,,,,,,,,,,,,,,,,,,,,P6B,16.0,0,,0,0.5,0249,MEDIO,Joseph And Mery
27,Alumno 27,P6B,,,,,,,,,,,,,,,,,,,,,,,,,,,P6B,16.0,0,,0,0.5,0249,MEDIO,Joseph And Mery
17,Alumno 17,P6B,,,,,,,,,,,,,,,,,,,,,,,,,,,P6B,15.0,0,,0,0.5,0249,MEDIO,Joseph And Mery
7,Alumno 7,P6B,,,,,,,,,,,,,,,,,,,,,,,,,,,P6B,16.0,0,,0,0.5,0249,MEDIO,Joseph And Mery
22,Alumno 22,P6B,,,,,,,,,,,,,,,,,,,,,,,,,,,P6B,16.0,0,,0,0.5,0249,MEDIO,Joseph And Mery
2,Alumno 2,P6B,,,,,,,,,,,,,,,,,,,,,,,,,,,P6B,16.0,0,,0,0.5,0249,MEDIO,Joseph And Mery
8,Alumno 8,P6A,13.0,13.0,13.0,13.0,13.0,0.0,16.0,13.0,13.0,13.0,16.0,3.0,,,,,,,,,,,,,,,P6A,16.0,1,14.5,1,0.4706,0249,MEDIO,Joseph And Mery
21,Alumno 21,P6A,13.0,16.0,16.0,16.0,16.0,-3.0,16.0,16.0,16.0,16.0,16.0,0.0,,,,,,,,,,,,,,,P6A,16.0,1,14.5,1,0.4706,0249,MEDIO,Joseph And Mery
2,Alumno 2,P6A,13.0,13.0,13.0,13.0,13.0,0.0,16.0,16.0,16.0,16.0,16.0,0.0,,,,,,,,,,,,,,,P6A,16.0,1,14.5,1,0.4706,0249,MEDIO,Joseph And Mery
16,Alumno 16,P6A,13.0,16.0,16.0,16.0,16.0,-3.0,16.0,16.0,16.0,16.0,16.0,0.0,,,,,,,,,,,,,,,P6A,16.0,1,14.5,1,0.4706,0249,MEDIO,Joseph And Mery
3,Alumno 3,P6A,13.0,13.0,13.0,13.0,13.0,0.0,16.0,16.0,16.0,16.0,16.0,0.0,,,,,,,,,,,,,,,P6A,14.5,1,14.5,1,0.4706,0249,MEDIO,Joseph And Mery
7,Alumno 7,P6A,13.0,13.0,13.0,13.0,13.0,0.0,16.0,16.0,16.0,16.0,16.0,0.0,,,,,,,,,,,,,,,P6A,16.0,1,14.5,1,0.4706,0249,MEDIO,Joseph And Mery
14,Alumno 14,P6A,13.0,13.0,13.0,13.0,13.0,0.0,16.0,16.0,16.0,16.0,16.0,0.0,,,,,,,,,,,,,,,P6A,16.0,1,14.5,1,0.4706,0249,MEDIO,Joseph And Mery
27,Alumno 27,P6A,13.0,16.0,16.0,16.0,16.0,-3.0,16.0,16.0,16.0,16.0,16.0,0.0,,,,,,,,,,,,,,,P6A,16.0,1,14.5,1,0.4706,0249,MEDIO,Joseph And Mery
12,Alumno 12,P6A,13.0,13.0,13.0,13.0,13.0,0.0,16.0,16.0,16.0,16.0,16.0,0.0,,,,,,,,,,,,,,,P6A,16.0,1,14.5,1,0.4706,0249,MEDIO,Joseph And Mery
30,Alumno 30,P6A,13.0,13.0,13.0,13.0,13.0,0.0,16.0,16.0,16.0,16.0,16.0,0.0,,,,,,,,,,,,,,,P6A,16.0,1,14.5,1,0.4706,0249,MEDIO,Joseph And Mery
29,Alumno 29,P6A,13.0,13.0,13.0,13.0,13.0,0.0,16.0,16.0,16.0,16.0,16.0,0.0,,,,,,,,,,,,,,,P6A,16.0,1,14.5,1,0.4706,0249,MEDIO,Joseph And Mery
25,Alumno 25,P6A,13.0,13.0,13.0,13.0,13.0,0.0,16.0,16.0,16.0,16.0,16.0,0.0,,,,,,,,,,,,,,,P6A,16.0,1,14.5,1,0.4706,0249,MEDIO,Joseph And Mery
3,Alumno 3,5A,16.0,16.0,16.0,16.0,16.0,0.0,16.0,16.0,16.0,16.0,16.0,0.0,16.0,16.0,16.0,16.0,16.0,0.0,16.0,16.0,16.0,16.0,16.0,0.0,,,S5A,14.5,0,16.0,0,0.2941,0249,BAJO,Joseph And Mery
2,Alumno 2,5A,16.0,13.0,13.0,13.0,13.0,3.0,16.0,16.0,16.0,13.0,16.0,0.0,16.0,13.0,13.0,16.0,13.0,3.0,16.0,16.0,16.0,13.0,13.0,0.0,,,S5A,16.0,0,16.0,0,0.2941,0249,BAJO,Joseph And Mery
12,Alumno 12,5A,16.0,16.0,16.0,16.0,16.0,0.0,16.0,16.0,18.5,18.5,16.0,0.0,16.0,16.0,16.0,16.0,16.0,0.0,16.0,16.0,16.0,18.5,18.5,0.0,,,S5A,16.0,0,16.0,0,0.2941,0249,BAJO,Joseph And Mery
13,Alumno 13,5A,16.0,16.0,16.0,16.0,16.0,0.0,16.0,16.0,16.0,16.0,16.0,0.0,16.0,16.0,13.0,16.0,16.0,0.0,16.0,16.0,16.0,16.0,16.0,0.0,,,S5A,16.0,0,16.0,0,0.2941,0249,BAJO,Joseph And Mery
10,Alumno 10,5A,16.0,16.0,13.0,16.0,16.0,0.0,16.0,16.0,18.5,16.0,16.0,0.0,16.0,13.0,13.0,13.0,16.0,3.0,16.0,16.0,16.0,18.5,16.0,0.0,,,S5A,16.0,0,16.0,0,0.2941,0249,BAJO,Joseph And Mery
5,Alumno 5,5A,16.0,16.0,16.0,16.0,16.0,0.0,16.0,16.0,16.0,16.0,16.0,0.0,16.0,16.0,16.0,16.0,16.0,0.0,16.0,16.0,16.0,16.0,16.0,0.0,,,S5A,16.0,0,16.0,0,0.2941,0249,BAJO,Joseph And Mery
7,Alumno 7,5A,16.0,13.0,16.0,16.0,16.0,3.0,16.0,16.0,16.0,16.0,16.0,0.0,16.0,16.0,16.0,16.0,16.0,0.0,18.5,16.0,16.0,16.0,16.0,0.0,,,S5A,16.0,0,16.625,0,0.2941,0249,BAJO,Joseph And Mery
6,Alumno 6,5A,16.0,16.0,16.0,16.0,16.0,0.0,16.0,16.0,18.5,16.0,16.0,0.0,16.0,16.0,16.0,16.0,16.0,0.0,16.0,16.0,16.0,18.5,16.0,0.0,,,S5A,16.0,0,16.0,0,0.2941,0249,BAJO,Joseph And Mery
9,Alumno 9,5A,16.0,16.0,16.0,16.0,16.0,0.0,16.0,16.0,16.0,16.0,16.0,0.0,16.0,16.0,16.0,16.0,16.0,0.0,16.0,16.0,16.0,16.0,16.0,0.0,,,S5A,16.0,0,16.0,0,0.2941,0249,BAJO,Joseph And Mery
8,Alumno 8,5A,16.0,16.0,16.0,16.0,16.0,0.0,16.0,16.0,16.0,16.0,16.0,0.0,16.0,16.0,16.0,16.0,16.0,0.0,16.0,16.0,16.0,16.0,16.0,0.0,,,S5A,15.25,0,16.0,0,0.2941,0249,BAJO,Joseph And Mery
11,Alumno 11,5B,16.0,13.0,13.0,13.0,13.0,3.0,16.0,16.0,16.0,13.0,16.0,0.0,16.0,16.0,13.0,13.0,16.0,2.5,16.0,16.0,16.0,13.0,13.0,0.0,,,S5B,15.25,0,16.0,0,0.2941,0249,BAJO,Joseph And Mery
10,Alumno 10,5B,16.0,16.0,16.0,16.0,16.0,0.0,16.0,16.0,16.0,13.0,16.0,0.0,16.0,16.0,16.0,16.0,16.0,-3.0,18.5,16.0,16.0,16.0,13.0,0.0,,,S5B,16.0,0,16.625,0,0.2941,0249,BAJO,Joseph And Mery
16,Alumno 16,5B,16.0,16.0,16.0,16.0,16.0,0.0,16.0,16.0,16.0,16.0,16.0,0.0,16.0,16.0,16.0,16.0,16.0,0.0,16.0,16.0,16.0,13.0,16.0,0.0,,,S5B,16.0,0,16.0,0,0.2941,0249,BAJO,Joseph And Mery
2,Alumno 2,5B,16.0,13.0,13.0,13.0,13.0,3.0,16.0,16.0,16.0,13.0,16.0,0.0,16.0,13.0,13.0,16.0,13.0,3.0,16.0,16.0,16.0,13.0,13.0,0.0,,,S5B,16.0,0,16.0,0,0.2941,0249,BAJO,Joseph And Mery
27,Alumno 27,5A,16.0,16.0,13.0,13.0,13.0,0.0,16.0,16.0,16.0,16.0,16.0,0.0,16.0,16.0,16.0,16.0,16.0,0.0,18.5,16.0,16.0,13.0,16.0,0.0,,,S5A,16.0,0,16.625,0,0.2941,0249,BAJO,Joseph And Mery
1,Alumno 1,5B,16.0,16.0,16.0,16.0,13.0,0.0,16.0,16.0,16.0,16.0,16.0,0.0,16.0,16.0,16.0,16.0,16.0,0.0,16.0,16.0,16.0,16.0,16.0,0.0,,,S5B,15.25,0,16.0,0,0.2941,0249,BAJO,Joseph And Mery
29,Alumno 29,5A,16.0,13.0,16.0,16.0,13.0,3.0,16.0,16.0,16.0,16.0,16.0,0.0,16.0,16.0,16.0,16.0,16.0,0.0,16.0,16.0,16.0,16.0,16.0,0.0,,,S5A,17.25,0,16.0,0,0.2941,0249,BAJO,Joseph And Mery
28,Alumno 28,5A,16.0,16.0,16.0,16.0,16.0,0.0,16.0,16.0,16.0,16.0,16.0,0.0,16.0,16.0,16.0,16.0,16.0,-3.0,16.0,16.0,16.0,16.0,16.0,0.0,,,S5A,16.625,0,16.0,0,0.2941,0249,BAJO,Joseph And Mery
23,Alumno 23,5A,16.0,13.0,13.0,16.0,16.0,3.0,16.0,16.0,16.0,16.0,16.0,0.0,16.0,16.0,16.0,16.0,16.0,0.0,16.0,16.0,16.0,16.0,16.0,0.0,,,S5A,16.0,0,16.0,0,0.2941,0249,BAJO,Joseph And Mery
22,Alumno 22,5A,16.0,13.0,13.0,13.0,13.0,3.0,16.0,13.0,13.0,13.0,16.0,3.0,16.0,13.0,13.0,13.0,13.0,3.0,16.0,13.0,13.0,13.0,16.0,3.0,,,S5A,16.0,0,16.0,0,0.2941,0249,BAJO,Joseph And Mery
21,Alumno 21,5A,16.0,13.0,13.0,13.0,13.0,3.0,16.0,16.0,16.0,13.0,16.0,0.0,16.0,13.0,13.0,13.0,13.0,3.0,16.0,16.0,16.0,13.0,13.0,0.0,,,S5A,16.0,0,16.0,0,0.2941,0249,BAJO,Joseph And Mery
20,Alumno 20,5A,16.0,16.0,16.0,16.0,16.0,0.0,16.0,16.0,18.5,16.0,16.0,0.0,16.0,16.0,16.0,16.0,16.0,2.5,16.0,16.0,16.0,18.5,16.0,0.0,,,S5A,17.25,0,16.0,0,0.2941,0249,BAJO,Joseph And Mery
19,Alumno 19,5A,16.0,16.0,16.0,16.0,16.0,0.0,16.0,16.0,16.0,16.0,16.0,0.0,16.0,16.0,16.0,16.0,16.0,0.0,16.0,16.0,16.0,16.0,16.0,0.0,,,S5A,16.0,0,16.0,0,0.2941,0249,BAJO,Joseph And Mery
26,Alumno 26,5A,16.0,13.0,16.0,16.0,13.0,3.0,16.0,16.0,16.0,16.0,16.0,0.0,16.0,16.0,16.0,16.0,16.0,0.0,16.0,16.0,16.0,16.0,16.0,0.0,,,S5A,16.0,0,16.0,0,0.2941,0249,BAJO,Joseph And Mery
25,Alumno 25,5A,16.0,16.0,16.0,16.0,16.0,0.0,16.0,16.0,16.0,16.0,16.0,0.0,16.0,16.0,16.0,16.0,16.0,0.0,18.5,16.0,16.0,16.0,16.0,0.0,,,S5A,16.0,0,16.625,0,0.2941,0249,BAJO,Joseph And Mery
24,Alumno 24,5A,16.0,16.0,16.0,16.0,16.0,0.0,16.0,16.0,16.0,16.0,16.0,0.0,16.0,16.0,16.0,16.0,16.0,2.5,16.0,16.0,16.0,16.0,16.0,0.0,,,S5A,16.0,0,16.0,0,0.2941,0249,BAJO,Joseph And Mery
16,Alumno 16,5A,16.0,13.0,16.0,16.0,13.0,3.0,16.0,16.0,16.0,16.0,16.0,0.0,16.0,13.0,13.0,13.0,16.0,3.0,16.0,16.0,16.0,16.0,16.0,0.0,,,S5A,16.0,0,16.0,0,0.2941,0249,BAJO,Joseph And Mery
17,Alumno 17,5A,16.0,13.0,13.0,13.0,13.0,3.0,16.0,16.0,16.0,16.0,16.0,0.0,16.0,16.0,16.0,16.0,16.0,0.0,16.0,16.0,16.0,13.0,16.0,0.0,,,S5A,16.0,0,16.0,0,0.2941,0249,BAJO,Joseph And Mery
18,Alumno 18,5A,16.0,13.0,13.0,13.0,16.0,3.0,16.0,16.0,16.0,16.0,16.0,0.0,16.0,16.0,16.0,16.0,16.0,0.0,16.0,16.0,16.0,16.0,16.0,0.0,,,S5A,16.0,0,16.0,0,0.2941,0249,BAJO,Joseph And Mery
14,Alumno 14,5A,16.0,13.0,13.0,16.0,13.0,3.0,16.0,16.0,16.0,16.0,16.0,0.0,16.0,16.0,16.0,16.0,16.0,2.5,16.0,16.0,16.0,16.0,16.0,0.0,,,S5A,16.625,0,16.0,0,0.2941,0249,BAJO,Joseph And Mery
11,Alumno 11,5A,16.0,13.0,16.0,16.0,16.0,3.0,16.0,16.0,16.0,13.0,16.0,0.0,16.0,16.0,16.0,16.0,16.0,0.0,16.0,16.0,16.0,16.0,13.0,0.0,,,S5A,15.25,0,16.0,0,0.2941,0249,BAJO,Joseph And Mery
9,Alumno 9,5B,16.0,13.0,13.0,13.0,13.0,3.0,16.0,16.0,16.0,13.0,16.0,0.0,16.0,13.0,13.0,16.0,16.0,3.0,16.0,16.0,16.0,13.0,13.0,0.0,,,S5B,16.0,0,16.0,0,0.2941,0249,BAJO,Joseph And Mery
3,Alumno 3,5B,16.0,16.0,16.0,16.0,13.0,0.0,16.0,16.0,16.0,16.0,16.0,0.0,16.0,13.0,13.0,16.0,10.0,3.0,16.0,16.0,16.0,16.0,16.0,0.0,,,S5B,16.0,0,16.0,0,0.2941,0249,BAJO,Joseph And Mery
4,Alumno 4,5B,16.0,13.0,16.0,16.0,16.0,3.0,16.0,16.0,16.0,16.0,16.0,0.0,16.0,16.0,13.0,13.0,16.0,0.0,16.0,16.0,16.0,16.0,16.0,0.0,,,S5B,16.0,0,16.0,0,0.2941,0249,BAJO,Joseph And Mery
15,Alumno 15,5B,16.0,13.0,13.0,13.0,16.0,3.0,16.0,16.0,16.0,13.0,16.0,0.0,16.0,13.0,13.0,13.0,16.0,3.0,18.5,16.0,16.0,13.0,13.0,0.0,,,S5B,16.0,0,16.625,0,0.2941,0249,BAJO,Joseph And Mery
12,Alumno 12,5B,16.0,16.0,16.0,16.0,16.0,0.0,16.0,16.0,16.0,16.0,16.0,0.0,16.0,16.0,16.0,16.0,16.0,0.0,16.0,16.0,16.0,16.0,16.0,0.0,,,S5B,16.0,0,16.0,0,0.2941,0249,BAJO,Joseph And Mery
13,Alumno 13,5B,16.0,13.0,13.0,13.0,13.0,3.0,16.0,16.0,16.0,16.0,16.0,0.0,16.0,13.0,13.0,13.0,16.0,3.0,16.0,16.0,16.0,16.0,16.0,0.0,,,S5B,16.0,0,16.0,0,0.2941,0249,BAJO,Joseph And Mery
14,Alumno 14,5B,16.0,13.0,16.0,16.0,13.0,3.0,16.0,16.0,16.0,16.0,16.0,0.0,16.0,16.0,16.0,16.0,16.0,-3.0,16.0,16.0,16.0,16.0,16.0,0.0,,,S5B,16.0,0,16.0,0,0.2941,0249,BAJO,Joseph And Mery
17,Alumno 17,5B,16.0,13.0,13.0,16.0,13.0,3.0,16.0,16.0,16.0,16.0,16.0,0.0,16.0,13.0,13.0,13.0,16.0,3.0,16.0,16.0,16.0,13.0,16.0,0.0,,,S5B,16.0,0,16.0,0,0.2941,0249,BAJO,Joseph And Mery
8,Alumno 8,5B,16.0,13.0,16.0,13.0,13.0,3.0,16.0,16.0,16.0,16.0,16.0,0.0,16.0,16.0,16.0,16.0,16.0,0.0,16.0,16.0,16.0,16.0,16.0,0.0,,,S5B,14.5,0,16.0,0,0.2941,0249,BAJO,Joseph And Mery
6,Alumno 6,5B,16.0,13.0,16.0,16.0,16.0,3.0,16.0,16.0,16.0,13.0,16.0,0.0,16.0,16.0,16.0,16.0,16.0,-3.0,18.5,16.0,16.0,16.0,13.0,0.0,,,S5B,15.25,0,16.625,0,0.2941,0249,BAJO,Joseph And Mery
7,Alumno 7,5B,16.0,13.0,16.0,13.0,13.0,3.0,16.0,16.0,16.0,16.0,16.0,0.0,16.0,13.0,13.0,16.0,10.0,3.0,18.5,16.0,16.0,16.0,16.0,0.0,,,S5B,16.0,0,16.625,0,0.2941,0249,BAJO,Joseph And Mery
6,Alumno 6,P6A,16.0,16.0,16.0,16.0,16.0,0.0,16.0,16.0,16.0,16.0,16.0,0.0,,,,,,,,,,,,,,,P6A,16.0,0,16.0,0,0.2941,0249,BAJO,Joseph And Mery
19,Alumno 19,P6A,16.0,13.0,13.0,13.0,13.0,3.0,16.0,16.0,16.0,16.0,16.0,0.0,,,,,,,,,,,,,,,P6A,16.0,0,16.0,0,0.2941,0249,BAJO,Joseph And Mery
18,Alumno 18,P6A,16.0,16.0,16.0,16.0,16.0,0.0,16.0,16.0,16.0,16.0,16.0,0.0,,,,,,,,,,,,,,,P6A,16.0,0,16.0,0,0.2941,0249,BAJO,Joseph And Mery
4,Alumno 4,P6A,16.0,16.0,16.0,16.0,16.0,0.0,16.0,16.0,16.0,16.0,16.0,0.0,,,,,,,,,,,,,,,P6A,16.0,0,16.0,0,0.2941,0249,BAJO,Joseph And Mery
28,Alumno 28,5B,16.0,13.0,13.0,16.0,16.0,3.0,16.0,16.0,16.0,13.0,16.0,0.0,16.0,16.0,16.0,13.0,16.0,-3.0,18.5,16.0,16.0,13.0,13.0,0.0,,,S5B,16.0,0,16.625,0,0.2941,0249,BAJO,Joseph And Mery
27,Alumno 27,5B,16.0,13.0,16.0,16.0,16.0,3.0,16.0,16.0,16.0,13.0,16.0,0.0,16.0,16.0,16.0,16.0,16.0,0.0,16.0,16.0,16.0,13.0,13.0,0.0,,,S5B,16.0,0,16.0,0,0.2941,0249,BAJO,Joseph And Mery
29,Alumno 29,5B,16.0,13.0,13.0,13.0,13.0,3.0,16.0,16.0,16.0,13.0,16.0,0.0,16.0,16.0,16.0,13.0,16.0,-3.0,16.0,16.0,16.0,13.0,13.0,0.0,,,S5B,14.5,0,16.0,0,0.2941,0249,BAJO,Joseph And Mery
1,Alumno 1,P6A,16.0,16.0,16.0,16.0,16.0,0.0,16.0,16.0,16.0,16.0,16.0,0.0,,,,,,,,,,,,,,,P6A,16.0,0,16.0,0,0.2941,0249,BAJO,Joseph And Mery
22,Alumno 22,5B,16.0,13.0,13.0,13.0,13.0,3.0,16.0,16.0,16.0,16.0,16.0,0.0,16.0,13.0,13.0,13.0,13.0,3.0,16.0,16.0,16.0,16.0,16.0,0.0,,,S5B,16.0,0,16.0,0,0.2941,0249,BAJO,Joseph And Mery
21,Alumno 21,5B,16.0,13.0,13.0,13.0,13.0,3.0,16.0,16.0,16.0,16.0,13.0,0.0,16.0,16.0,13.0,16.0,16.0,0.0,16.0,16.0,16.0,16.0,16.0,0.0,,,S5B,16.0,0,16.0,0,0.2941,0249,BAJO,Joseph And Mery
25,Alumno 25,5B,16.0,13.0,13.0,13.0,13.0,3.0,16.0,16.0,16.0,13.0,13.0,0.0,16.0,13.0,13.0,13.0,13.0,0.0,18.5,16.0,16.0,13.0,13.0,0.0,,,S5B,14.5,0,16.625,0,0.2941,0249,BAJO,Joseph And Mery
23,Alumno 23,5B,16.0,13.0,13.0,13.0,13.0,3.0,16.0,16.0,16.0,13.0,16.0,0.0,16.0,13.0,16.0,13.0,16.0,0.0,16.0,16.0,16.0,13.0,13.0,0.0,,,S5B,16.0,0,16.0,0,0.2941,0249,BAJO,Joseph And Mery
20,Alumno 20,5B,16.0,16.0,16.0,16.0,16.0,0.0,16.0,16.0,16.0,16.0,16.0,0.0,16.0,16.0,16.0,16.0,16.0,0.0,16.0,16.0,16.0,16.0,16.0,0.0,,,S5B,16.625,0,16.0,0,0.2941,0249,BAJO,Joseph And Mery
19,Alumno 19,5B,16.0,13.0,16.0,16.0,16.0,3.0,16.0,16.0,16.0,16.0,16.0,0.0,16.0,16.0,16.0,16.0,16.0,0.0,16.0,16.0,16.0,16.0,16.0,0.0,,,S5B,16.0,0,16.0,0,0.2941,0249,BAJO,Joseph And Mery
18,Alumno 18,5B,16.0,16.0,16.0,16.0,16.0,0.0,16.0,16.0,16.0,16.0,16.0,2.5,16.0,16.0,16.0,16.0,16.0,0.0,16.0,16.0,16.0,16.0,16.0,0.0,,,S5B,16.0,0,16.0,0,0.2941,0249,BAJO,Joseph And Mery
30,Alumno 30,5B,16.0,13.0,13.0,13.0,16.0,3.0,16.0,16.0,16.0,16.0,16.0,0.0,16.0,16.0,16.0,16.0,16.0,0.0,16.0,16.0,16.0,16.0,16.0,0.0,,,S5B,16.0,0,16.0,0,0.2941,0249,BAJO,Joseph And Mery
28,Alumno 28,P6A,16.0,13.0,13.0,13.0,13.0,3.0,16.0,16.0,16.0,16.0,16.0,0.0,,,,,,,,,,,,,,,P6A,16.0,0,16.0,0,0.2941,0249,BAJO,Joseph And Mery
26,Alumno 26,P6A,16.0,18.5,18.5,18.5,18.5,-2.5,16.0,16.0,16.0,16.0,16.0,0.0,,,,,,,,,,,,,,,P6A,16.0,0,16.0,0,0.2941,0249,BAJO,Joseph And Mery
22,Alumno 22,P6A,16.0,13.0,13.0,13.0,13.0,3.0,16.0,16.0,13.0,16.0,16.0,0.0,,,,,,,,,,,,,,,P6A,16.0,0,16.0,0,0.2941,0249,BAJO,Joseph And Mery
20,Alumno 20,P6A,16.0,13.0,13.0,13.0,13.0,3.0,16.0,16.0,16.0,16.0,16.0,0.0,,,,,,,,,,,,,,,P6A,16.0,0,16.0,0,0.2941,0249,BAJO,Joseph And Mery
5,Alumno 5,P6A,16.0,16.0,16.0,16.0,16.0,0.0,16.0,16.0,16.0,16.0,16.0,0.0,,,,,,,,,,,,,,,P6A,16.0,0,16.0,0,0.2941,0249,BAJO,Joseph And Mery
9,Alumno 9,P6A,16.0,16.0,16.0,16.0,16.0,0.0,16.0,16.0,16.0,16.0,16.0,0.0,,,,,,,,,,,,,,,P6A,16.0,0,16.0,0,0.2941,0249,BAJO,Joseph And Mery
10,Alumno 10,P6A,16.0,18.5,18.5,18.5,18.5,-2.5,16.0,16.0,16.0,16.0,16.0,0.0,,,,,,,,,,,,,,,P6A,16.0,0,16.0,0,0.2941,0249,BAJO,Joseph And Mery
11,Alumno 11,P6A,16.0,16.0,16.0,16.0,16.0,0.0,16.0,16.0,16.0,16.0,16.0,0.0,,,,,,,,,,,,,,,P6A,16.0,0,16.0,0,0.2941,0249,BAJO,Joseph And Mery
24,Alumno 24,P6A,16.0,16.0,16.0,16.0,16.0,0.0,16.0,16.0,16.0,16.0,16.0,0.0,,,,,,,,,,,,,,,P6A,16.0,0,16.0,0,0.2941,0249,BAJO,Joseph And Mery
13,Alumno 13,P6A,16.0,13.0,13.0,13.0,13.0,3.0,16.0,16.0,16.0,16.0,16.0,0.0,,,,,,,,,,,,,,,P6A,16.0,0,16.0,0,0.2941,0249,BAJO,Joseph And Mery
15,Alumno 15,5A,16.0,16.0,16.0,16.0,16.0,0.0,18.5,16.0,16.0,16.0,16.0,0.0,16.0,16.0,16.0,16.0,16.0,0.0,18.5,16.0,16.0,16.0,16.0,0.0,,,S5A,17.25,0,17.25,0,0.1961,0249,BAJO,Joseph And Mery
1,Alumno 1,5A,16.0,16.0,16.0,16.0,16.0,0.0,18.5,16.0,16.0,16.0,16.0,0.0,16.0,16.0,16.0,16.0,16.0,0.0,16.0,16.0,16.0,16.0,16.0,0.0,,,S5A,16.0,0,16.625,0,0.1961,0249,BAJO,Joseph And Mery
4,Alumno 4,5A,16.0,13.0,16.0,16.0,13.0,3.0,18.5,16.0,16.0,16.0,16.0,0.0,16.0,16.0,16.0,16.0,16.0,0.0,16.0,16.0,16.0,16.0,16.0,0.0,,,S5A,16.0,0,16.625,0,0.1961,0249,BAJO,Joseph And Mery
24,Alumno 24,5B,16.0,16.0,16.0,16.0,16.0,0.0,18.5,16.0,16.0,16.0,16.0,0.0,16.0,16.0,16.0,16.0,16.0,2.5,16.0,16.0,16.0,16.0,16.0,0.0,,,S5B,16.625,0,16.625,0,0.1961,0249,BAJO,Joseph And Mery
5,Alumno 5,5B,16.0,16.0,16.0,16.0,16.0,0.0,18.5,16.0,16.0,16.0,16.0,0.0,16.0,16.0,16.0,16.0,16.0,2.5,18.5,16.0,16.0,16.0,16.0,0.0,,,S5B,16.0,0,17.25,0,0.1961,0249,BAJO,Joseph And Mery
26,Alumno 26,5B,16.0,16.0,16.0,16.0,16.0,0.0,18.5,16.0,16.0,16.0,16.0,0.0,16.0,16.0,16.0,16.0,16.0,0.0,16.0,16.0,16.0,16.0,16.0,0.0,,,S5B,16.0,0,16.625,0,0.1961,0249,BAJO,Joseph And Mery
